﻿<?xml version="1.0" encoding="utf-8" ?>
<!-- 
	This is a sample client configuration file. 
	For a detailed reference, see "Orleans Configuration Reference.html".
-->
<ClientConfiguration xmlns="urn:orleans">
  <!--<GatewayProvider ProviderType="WindowsFabric"/>
  <WindowsFabric WindowsFabricServiceName="fabric:/OrleansSilo/svc1" /> 
  <Gateway Address="localhost" Port="19000"/>-->
  <GatewayProvider ProviderType="Config"/>
  <Gateway Address="localhost" Port="30000"/>
  <Statistics MetricsTableWriteInterval="30s" PerfCounterWriteInterval="30s" LogWriteInterval="300s" WriteLogStatisticsToTable="true"/>
  <Tracing DefaultTraceLevel="Warning" TraceToConsole="true" TraceToFile="{0}-{1}.log">
    <TraceLevelOverride LogPrefix="Application" TraceLevel="Info" />
  </Tracing>
</ClientConfiguration>
