﻿<?xml version="1.0" encoding="utf-8"?>
<OrleansConfiguration xmlns="urn:orleans">
  <Globals>
    <StorageProviders>
      <Provider Type="Orleans.Storage.MemoryStorage" Name="MemoryStore" />
      <!-- To use Azure storage, uncomment one of the following lines: -->
      <!--<Provider Type="Orleans.Storage.AzureTableStorage" Name="AzureStore" DataConnectionString="UseDevelopmentStorage=true" />-->
      <!--<Provider Type="Orleans.Storage.AzureTableStorage" Name="AzureStore" DataConnectionString="DefaultEndpointsProtocol=https;AccountName=MYACCOUNTNAME;AccountKey=MYACCOUNTKEY" />-->
    </StorageProviders>
    <SeedNode Address="localhost" Port="11111" />
  </Globals>
  <Defaults>
    <Networking Address="localhost" Port="11111" />
    <ProxyingGateway Address="localhost" Port="30000" />
    <Tracing DefaultTraceLevel="Info" TraceToConsole="true" TraceToFile="{0}-{1}.log">
      <TraceLevelOverride LogPrefix="Application" TraceLevel="Info" />
    </Tracing>
    <Statistics MetricsTableWriteInterval="30s" PerfCounterWriteInterval="30s" LogWriteInterval="300s" WriteLogStatisticsToTable="true"/>
  </Defaults>
  <Override Node="Primary">
    <Networking Address="localhost" Port="11111" />
    <ProxyingGateway Address="localhost" Port="30000" />
  </Override>
</OrleansConfiguration>
